,sum_sq,df,F,PR(>F)
C(Year),71.05222734254984,1.0,24.41779250470027,2.3419229973309305e-06
Residual,378.2811059907834,130.0,,
